timestamp,city,temperature,description
2026-05-12T10:34:40.662Z,London,14.47,scattered clouds
2026-05-12T10:57:58.763Z,London,14.86,few clouds
2026-05-12T11:06:40.719Z,London,15.1,few clouds
2026-05-12T11:11:38.817Z,London,15.1,few clouds
2026-05-12T11:42:22.081Z,London,15.78,scattered clouds
2026-05-12T14:14:17.693Z,London,15.95,overcast clouds
2026-05-12T14:30:10.649Z,London,15.58,overcast clouds
2026-06-23T16:08:58.194Z,London,33.53,clear sky
2026-06-23T18:01:10.445Z,London,32.58,clear sky
2026-06-23T20:56:35.481Z,London,26.44,clear sky
2026-06-23T20:59:22.829Z,London,26.44,clear sky
2026-06-23T21:44:45.780Z,London,25.38,clear sky
2026-06-23T23:10:48.639Z,London,24.56,clear sky
2026-06-24T03:56:31.443Z,London,21.25,clear sky
2026-06-24T07:49:48.242Z,London,27.03,clear sky
2026-06-24T10:54:12.442Z,London,32.27,clear sky
2026-06-24T14:39:10.676Z,London,35.11,clear sky
2026-06-24T17:58:46.698Z,London,33.01,clear sky
2026-06-24T20:00:03.228Z,London,28.86,clear sky
2026-06-24T21:43:31.506Z,London,25.97,clear sky
2026-06-24T23:07:58.530Z,London,24.3,clear sky
2026-06-25T03:57:08.233Z,London,20.56,clear sky
2026-06-25T07:51:37.971Z,London,24.71,clear sky
2026-06-25T10:46:31.945Z,London,30.14,clear sky
2026-06-25T14:39:44.947Z,London,32.03,clear sky
2026-06-25T18:12:55.467Z,London,28.57,clear sky
2026-06-25T21:47:28.540Z,London,23.98,scattered clouds
2026-06-25T23:21:44.917Z,London,22.89,scattered clouds
2026-06-26T04:03:53.222Z,London,22.37,broken clouds
2026-06-26T09:34:05.931Z,London,32.26,broken clouds
2026-06-26T12:13:59.350Z,London,34.51,scattered clouds
2026-06-26T16:20:08.073Z,London,34.8,few clouds
2026-06-26T19:54:40.639Z,London,29.45,broken clouds
2026-06-26T21:22:22.370Z,London,27.04,scattered clouds
2026-06-26T23:10:35.743Z,London,25.59,scattered clouds
2026-06-27T03:50:01.388Z,London,21.32,moderate rain
2026-06-27T06:55:41.901Z,London,21.52,clear sky
2026-06-27T10:12:43.469Z,London,27.95,broken clouds
2026-06-27T13:50:41.463Z,London,30.59,overcast clouds
2026-06-27T15:18:39.942Z,London,29.98,overcast clouds
2026-06-27T17:15:13.926Z,London,28.07,overcast clouds
2026-06-27T19:26:06.308Z,London,25.95,overcast clouds
2026-06-27T21:08:51.826Z,London,23.54,overcast clouds
2026-06-27T23:06:34.575Z,London,21.79,broken clouds
2026-06-28T04:11:47.942Z,London,19.58,clear sky
2026-06-28T09:16:10.034Z,London,22.83,overcast clouds
2026-06-28T11:48:23.274Z,London,24.15,broken clouds
2026-06-28T13:55:24.699Z,London,24.88,overcast clouds
2026-06-28T15:20:39.786Z,London,25.95,broken clouds
2026-06-28T17:17:08.371Z,London,24.09,broken clouds
2026-06-28T19:26:36.656Z,London,21.78,overcast clouds
2026-06-28T21:06:17.441Z,London,19.61,overcast clouds
2026-06-28T23:07:25.189Z,London,17.53,broken clouds
2026-06-29T04:18:35.337Z,London,13.49,clear sky
2026-06-29T11:07:27.639Z,London,21.42,clear sky
2026-06-29T15:53:22.789Z,London,24.06,overcast clouds
2026-06-29T18:10:47.957Z,London,22.44,broken clouds
2026-06-29T21:37:55.761Z,London,19.38,overcast clouds
2026-06-29T23:01:16.373Z,London,18.6,overcast clouds
2026-06-30T03:59:11.077Z,London,16.88,overcast clouds
2026-06-30T07:58:50.378Z,London,18.26,light rain
2026-06-30T11:16:41.566Z,London,20.85,overcast clouds
2026-06-30T14:26:41.158Z,London,24.29,broken clouds
2026-06-30T17:59:42.801Z,London,23.24,broken clouds
2026-06-30T20:11:39.781Z,London,20.71,overcast clouds
2026-06-30T23:16:33.044Z,London,18.64,scattered clouds
2026-07-01T04:14:32.546Z,London,16.44,clear sky
2026-07-01T09:55:34.835Z,London,21.68,clear sky
2026-07-01T12:37:16.375Z,London,24.15,scattered clouds
2026-07-01T16:28:54.816Z,London,25.89,broken clouds
2026-07-01T20:01:00.825Z,London,23.22,broken clouds
2026-07-01T23:19:07.458Z,London,18.9,broken clouds
2026-07-02T03:55:00.313Z,London,17.01,scattered clouds
2026-07-02T07:35:47.748Z,London,20,overcast clouds
2026-07-02T10:44:16.607Z,London,23.93,scattered clouds
2026-07-02T14:10:18.989Z,London,25.82,clear sky
2026-07-02T17:52:25.387Z,London,25.1,clear sky
2026-07-02T19:35:54.307Z,London,22.01,clear sky
2026-07-02T21:12:07.428Z,London,19.1,clear sky
2026-07-02T23:11:16.803Z,London,16.44,clear sky
2026-07-03T03:37:22.495Z,London,12.61,scattered clouds
2026-07-03T07:24:41.705Z,London,17.14,overcast clouds
2026-07-03T10:40:07.130Z,London,21.83,overcast clouds
2026-07-03T14:15:48.097Z,London,25.4,overcast clouds
2026-07-03T17:36:19.970Z,London,27.06,broken clouds
2026-07-03T19:34:45.782Z,London,24.66,few clouds
2026-07-03T21:11:28.763Z,London,22.35,clear sky
2026-07-03T23:07:55.795Z,London,20.37,clear sky
2026-07-04T03:30:40.292Z,London,16.12,clear sky
2026-07-04T06:49:39.028Z,London,16.97,clear sky
2026-07-04T10:14:32.008Z,London,22.24,clear sky
2026-07-04T13:41:20.514Z,London,26.77,clear sky
2026-07-04T15:08:30.595Z,London,28.04,clear sky
2026-07-04T17:10:24.901Z,London,28.21,few clouds
2026-07-04T19:19:35.831Z,London,25.5,few clouds
2026-07-04T21:01:35.576Z,London,23.19,broken clouds
2026-07-04T23:00:29.930Z,London,20.47,broken clouds
2026-07-05T03:48:23.371Z,London,16.74,scattered clouds
2026-07-05T07:30:15.168Z,London,18.91,overcast clouds
2026-07-05T10:19:01.404Z,London,22.16,overcast clouds
2026-07-05T13:47:50.082Z,London,26.73,broken clouds
2026-07-05T15:15:57.102Z,London,28.39,broken clouds
2026-07-05T17:16:10.010Z,London,29.07,broken clouds
2026-07-05T19:23:23.353Z,London,26.91,overcast clouds
2026-07-05T21:06:00.008Z,London,24.7,overcast clouds
2026-07-05T23:04:39.323Z,London,22.65,overcast clouds
2026-07-06T03:56:00.924Z,London,18.02,broken clouds
2026-07-06T08:26:31.804Z,London,23.69,clear sky
2026-07-06T13:49:50.179Z,London,31.83,scattered clouds
2026-07-06T16:53:00.825Z,London,31.76,scattered clouds
2026-07-06T20:02:43.875Z,London,27.45,overcast clouds
2026-07-06T23:11:32.508Z,London,24.34,overcast clouds
2026-07-07T03:46:34.277Z,London,19.78,broken clouds
2026-07-07T07:42:37.557Z,London,21.6,overcast clouds
2026-07-07T11:11:24.856Z,London,27.75,overcast clouds
2026-07-07T14:44:38.640Z,London,31.35,overcast clouds
2026-07-07T18:03:15.100Z,London,30.66,overcast clouds
2026-07-07T21:26:57.912Z,London,25.86,overcast clouds
2026-07-07T23:05:17.585Z,London,24.3,broken clouds
2026-07-08T03:14:28.243Z,London,19.67,clear sky
2026-07-08T06:31:02.944Z,London,21.72,clear sky
2026-07-08T10:21:56.518Z,London,28.12,clear sky
2026-07-08T17:40:31.480Z,London,32.84,clear sky
2026-07-08T19:37:56.011Z,London,30.43,scattered clouds
2026-07-08T21:11:14.762Z,London,26.5,scattered clouds
2026-07-08T23:11:04.615Z,London,24.35,scattered clouds
2026-07-09T03:38:33.694Z,London,21.33,clear sky
2026-07-09T07:39:28.812Z,London,25.3,few clouds
2026-07-09T11:02:33.349Z,London,32.23,scattered clouds
2026-07-09T15:17:23.165Z,London,35.01,overcast clouds
2026-07-09T17:58:48.921Z,London,32.62,overcast clouds
2026-07-09T19:58:45.597Z,London,29.4,overcast clouds
2026-07-09T21:37:26.026Z,London,27.25,overcast clouds
2026-07-09T23:14:54.699Z,London,25.18,overcast clouds
2026-07-10T03:40:22.266Z,London,21.55,overcast clouds
2026-07-10T07:38:53.016Z,London,24.43,broken clouds
2026-07-10T10:58:16.182Z,London,28.37,overcast clouds
2026-07-10T14:35:25.556Z,London,30.46,overcast clouds
2026-07-10T17:49:38.406Z,London,28.43,overcast clouds
2026-07-10T19:37:50.668Z,London,25.3,overcast clouds
2026-07-10T21:09:08.780Z,London,23.11,overcast clouds
2026-07-10T23:00:57.552Z,London,21.35,overcast clouds
2026-07-11T02:54:44.289Z,London,18.29,broken clouds
2026-07-11T06:17:11.345Z,London,19.44,broken clouds
2026-07-11T09:41:05.136Z,London,25.87,clear sky
2026-07-11T11:08:37.450Z,London,27.59,clear sky
2026-07-11T13:27:09.968Z,London,28.71,clear sky
2026-07-11T14:57:31.654Z,London,29.19,clear sky
2026-07-11T17:01:28.118Z,London,28.83,clear sky
2026-07-11T19:09:25.191Z,London,25.44,clear sky
2026-07-11T20:54:08.649Z,London,22.3,clear sky
2026-07-11T22:53:52.912Z,London,19.06,clear sky
2026-07-12T03:19:55.857Z,London,17,scattered clouds
2026-07-12T06:36:56.483Z,London,17.92,scattered clouds
2026-07-12T09:53:28.904Z,London,24.52,clear sky
2026-07-12T11:13:18.196Z,London,27.49,clear sky
2026-07-12T13:34:36.255Z,London,29.73,clear sky
2026-07-12T14:59:51.627Z,London,29.66,clear sky
2026-07-12T17:02:09.571Z,London,28.11,clear sky
2026-07-12T19:09:56.776Z,London,24.84,clear sky
2026-07-12T20:54:26.962Z,London,21.77,clear sky
2026-07-12T22:54:26.171Z,London,18.71,clear sky
2026-07-13T03:22:24.930Z,London,15.17,clear sky
2026-07-13T07:23:13.651Z,London,18.95,overcast clouds
2026-07-13T11:15:49.476Z,London,24.68,broken clouds
2026-07-13T14:42:21.143Z,London,27.3,clear sky
2026-07-13T17:57:29.894Z,London,25.25,clear sky
2026-07-13T19:40:19.133Z,London,22.84,scattered clouds
2026-07-13T20:59:47.108Z,London,20.41,broken clouds
2026-07-13T22:57:59.623Z,London,18.54,broken clouds
2026-07-14T02:46:37.633Z,London,16.83,overcast clouds
2026-07-14T06:13:23.365Z,London,17.47,broken clouds
2026-07-14T10:01:51.759Z,London,22.52,scattered clouds
2026-07-14T13:52:05.666Z,London,28.79,clear sky
2026-07-14T15:25:11.557Z,London,29.38,clear sky
2026-07-14T17:17:49.532Z,London,29.42,clear sky
2026-07-14T19:24:34.857Z,London,26.6,broken clouds
2026-07-14T21:03:01.004Z,London,23.58,scattered clouds
2026-07-14T22:58:48.240Z,London,20.38,broken clouds
2026-07-15T02:45:02.443Z,London,17.32,clear sky
2026-07-15T06:18:16.748Z,London,18.23,few clouds
2026-07-15T10:05:54.253Z,London,24.75,clear sky
2026-07-15T13:50:13.937Z,London,28.21,clear sky
2026-07-15T15:27:22.210Z,London,28.32,clear sky
2026-07-15T17:20:27.410Z,London,27.58,clear sky
2026-07-15T19:16:50.720Z,London,25.23,clear sky
2026-07-15T21:03:19.473Z,London,22.73,clear sky
2026-07-15T22:59:50.731Z,London,19.6,clear sky
2026-07-16T02:51:27.206Z,London,16.33,clear sky
2026-07-16T06:21:49.074Z,London,17.43,clear sky
2026-07-16T10:12:11.554Z,London,24.68,clear sky
2026-07-16T14:01:28.681Z,London,28.68,clear sky
2026-07-16T17:21:45.575Z,London,26.65,clear sky
2026-07-16T19:17:17.109Z,London,24.45,clear sky
2026-07-16T21:04:12.913Z,London,21.8,clear sky
2026-07-16T22:59:51.618Z,London,19.41,clear sky
2026-07-17T02:54:00.774Z,London,15.81,clear sky
2026-07-17T06:20:04.126Z,London,14.86,clear sky
2026-07-17T10:01:42.858Z,London,23.36,clear sky
2026-07-17T13:45:51.078Z,London,28.51,scattered clouds
2026-07-17T15:16:15.918Z,London,28.63,scattered clouds
2026-07-17T17:15:39.519Z,London,28.73,scattered clouds
2026-07-17T19:15:42.064Z,London,25.58,clear sky
2026-07-17T20:59:25.989Z,London,21.56,clear sky
2026-07-17T22:52:49.873Z,London,18.99,clear sky
2026-07-18T02:46:15.295Z,London,17.19,clear sky
2026-07-18T06:07:43.051Z,London,16.36,scattered clouds
2026-07-18T09:36:53.340Z,London,20.04,clear sky
2026-07-18T11:06:54.774Z,London,21.55,clear sky
2026-07-18T13:23:22.166Z,London,23.37,few clouds
2026-07-18T14:57:03.043Z,London,22.77,broken clouds
2026-07-18T17:01:58.671Z,London,22.8,broken clouds
2026-07-18T19:10:01.377Z,London,20.28,broken clouds
2026-07-18T20:54:03.138Z,London,17.97,broken clouds
2026-07-18T22:53:52.527Z,London,15.89,scattered clouds
2026-07-19T03:16:33.708Z,London,13.34,clear sky
2026-07-19T06:32:54.311Z,London,14.15,clear sky
2026-07-19T09:54:27.394Z,London,18.79,scattered clouds
2026-07-19T11:11:18.147Z,London,20.37,scattered clouds
2026-07-19T13:24:31.794Z,London,22.48,overcast clouds
2026-07-19T14:59:37.005Z,London,22.95,scattered clouds
2026-07-19T17:01:01.096Z,London,22.62,scattered clouds
2026-07-19T19:11:03.577Z,London,19.85,clear sky
2026-07-19T20:54:38.033Z,London,17.46,clear sky
2026-07-19T22:55:56.129Z,London,15.41,clear sky
2026-07-20T03:30:32.793Z,London,11.37,overcast clouds
2026-07-20T06:50:37.290Z,London,14.5,broken clouds
2026-07-20T10:55:41.665Z,London,21.91,scattered clouds
2026-07-20T14:13:13.647Z,London,25.94,clear sky
2026-07-20T18:07:22.525Z,London,24.47,few clouds
2026-07-20T21:14:17.877Z,London,18.68,clear sky
2026-07-20T23:03:23.288Z,London,17.6,clear sky
2026-07-21T02:56:45.010Z,London,14.33,clear sky
2026-07-21T06:32:01.780Z,London,15.75,clear sky
2026-07-21T10:27:30.622Z,London,20.01,few clouds
2026-07-21T14:00:29.500Z,London,23.36,scattered clouds
2026-07-21T17:24:45.167Z,London,23.95,scattered clouds
2026-07-21T19:36:34.983Z,London,21.4,few clouds
2026-07-21T21:14:04.634Z,London,19.46,scattered clouds
2026-07-21T23:00:30.152Z,London,17.87,scattered clouds
2026-07-22T02:54:45.382Z,London,15.03,few clouds
2026-07-22T06:31:44.610Z,London,16.58,scattered clouds
2026-07-22T10:28:48.337Z,London,23.75,overcast clouds
2026-07-22T14:03:29.646Z,London,25.73,overcast clouds
2026-07-22T17:23:48.076Z,London,25.26,overcast clouds
2026-07-22T19:25:22.050Z,London,23.13,overcast clouds
2026-07-22T21:12:52.782Z,London,19.95,overcast clouds
2026-07-22T23:08:05.151Z,London,18.48,overcast clouds
2026-07-23T03:16:18.725Z,London,15.72,broken clouds
2026-07-23T06:32:48.374Z,London,17.75,overcast clouds
2026-07-23T10:25:44.922Z,London,24.37,overcast clouds
2026-07-23T14:09:21.679Z,London,25.48,overcast clouds
2026-07-23T17:25:57.167Z,London,26.48,overcast clouds
2026-07-23T19:23:17.811Z,London,25.11,overcast clouds
2026-07-23T21:07:19.640Z,London,22.37,overcast clouds
2026-07-23T22:59:03.455Z,London,21.02,overcast clouds
2026-07-24T02:55:09.986Z,London,18.71,overcast clouds
2026-07-24T06:28:39.102Z,London,17.93,overcast clouds
2026-07-24T10:22:17.259Z,London,24.94,overcast clouds
2026-07-24T13:52:01.632Z,London,28.27,overcast clouds
2026-07-24T15:26:40.203Z,London,27.74,overcast clouds
2026-07-24T17:40:21.410Z,London,28.51,overcast clouds
2026-07-24T19:34:15.657Z,London,26.54,overcast clouds
2026-07-24T21:06:56.174Z,London,24.26,overcast clouds
2026-07-24T23:04:06.779Z,London,21.49,overcast clouds
2026-07-25T02:54:52.078Z,London,17.13,broken clouds
2026-07-25T06:20:26.576Z,London,17.02,scattered clouds
2026-07-25T09:51:57.439Z,London,23.43,scattered clouds
2026-07-25T11:13:42.618Z,London,25.11,scattered clouds
2026-07-25T13:41:54.177Z,London,28.05,broken clouds
2026-07-25T15:05:51.939Z,London,28.46,broken clouds
2026-07-25T17:02:45.200Z,London,28.8,broken clouds
2026-07-25T19:12:39.050Z,London,24.96,overcast clouds
2026-07-25T20:56:20.160Z,London,22.18,overcast clouds
2026-07-25T22:57:29.105Z,London,20,overcast clouds
2026-07-26T03:20:54.184Z,London,18,scattered clouds
2026-07-26T06:39:57.309Z,London,19.54,overcast clouds
2026-07-26T10:02:56.420Z,London,23.06,overcast clouds
2026-07-26T13:36:44.521Z,London,25.69,overcast clouds
2026-07-26T15:08:53.299Z,London,25.88,broken clouds
2026-07-26T17:05:41.455Z,London,24.51,scattered clouds
2026-07-26T19:16:34.306Z,London,22.54,overcast clouds
2026-07-26T21:01:57.826Z,London,20.06,scattered clouds
2026-07-26T23:01:39.012Z,London,18.38,few clouds
2026-07-27T03:30:41.857Z,London,16.37,clear sky
2026-07-27T07:36:12.952Z,London,18.51,clear sky
2026-07-27T11:28:19.570Z,London,22.58,clear sky
2026-07-27T14:43:32.675Z,London,26.25,clear sky
2026-07-27T17:45:04.320Z,London,27.01,few clouds
2026-07-27T19:39:38.023Z,London,25.06,few clouds
2026-07-27T21:14:25.829Z,London,23.08,broken clouds
2026-07-27T23:05:35.671Z,London,21.13,scattered clouds
2026-07-28T02:46:51.842Z,London,18.69,scattered clouds
2026-07-28T06:29:35.468Z,London,19.12,scattered clouds
2026-07-28T10:38:47.754Z,London,24.35,overcast clouds
2026-07-28T14:16:37.432Z,London,29.23,scattered clouds
2026-07-28T17:38:09.914Z,London,28.95,broken clouds
2026-07-28T19:37:33.739Z,London,26.65,broken clouds
2026-07-28T21:11:17.621Z,London,24.21,broken clouds
2026-07-28T23:03:06.484Z,London,22.46,scattered clouds
2026-07-29T02:53:53.101Z,London,17.71,clear sky
2026-07-29T06:34:23.263Z,London,20,clear sky
2026-07-29T10:41:57.392Z,London,30.08,clear sky
2026-07-29T14:18:29.095Z,London,34.08,scattered clouds
2026-07-29T17:18:03.604Z,London,32.63,few clouds
2026-07-29T19:21:32.961Z,London,29.26,clear sky
2026-07-29T20:59:46.499Z,London,26.31,clear sky
2026-07-29T23:00:32.554Z,London,23.27,clear sky
2026-07-30T02:39:12.565Z,London,20.03,clear sky
2026-07-30T06:31:07.435Z,London,19.45,overcast clouds
2026-07-30T10:28:07.748Z,London,24.98,overcast clouds
2026-07-30T14:09:52.261Z,London,27.55,broken clouds
2026-07-30T17:38:34.443Z,London,26.17,broken clouds
2026-07-30T19:37:53.609Z,London,23.57,overcast clouds
2026-07-30T21:14:10.852Z,London,21.64,overcast clouds
2026-07-30T23:10:49.720Z,London,20.15,overcast clouds
2026-07-31T03:20:42.698Z,London,17.68,overcast clouds
2026-07-31T06:47:49.347Z,London,17.2,few clouds
2026-07-31T10:42:18.846Z,London,22.59,scattered clouds
2026-07-31T14:15:51.678Z,London,25.72,clear sky
2026-07-31T17:42:03.795Z,London,26.13,clear sky
2026-07-31T19:38:56.921Z,London,22.62,clear sky
2026-07-31T21:09:12.421Z,London,20.59,clear sky
2026-07-31T23:04:32.094Z,London,18.74,scattered clouds
2026-08-01T03:18:55.797Z,London,16.07,overcast clouds
2026-08-01T06:32:27.387Z,London,16.26,scattered clouds
2026-08-01T10:02:10.124Z,London,22.4,clear sky
2026-08-01T13:34:58.464Z,London,25.7,clear sky
2026-08-01T15:02:59.623Z,London,26.44,clear sky
2026-08-01T17:03:37.595Z,London,26.27,scattered clouds
2026-08-01T19:13:25.987Z,London,23.95,overcast clouds
2026-08-01T20:57:12.737Z,London,20.83,overcast clouds
2026-08-01T22:57:34.481Z,London,18.41,overcast clouds
2026-08-02T03:19:21.081Z,London,15.52,broken clouds
2026-08-02T06:36:09.000Z,London,16.21,broken clouds
2026-08-02T10:00:14.848Z,London,24.28,overcast clouds
2026-08-02T13:35:20.142Z,London,27.12,overcast clouds
2026-08-02T15:05:12.003Z,London,27.77,broken clouds
2026-08-02T17:03:37.033Z,London,26.12,broken clouds
2026-08-02T19:15:25.771Z,London,23.53,overcast clouds
2026-08-02T20:59:10.806Z,London,21.93,overcast clouds
2026-08-02T22:58:23.730Z,London,20.43,overcast clouds
2026-08-03T03:20:44.715Z,London,17.35,overcast clouds
2026-08-03T07:31:28.091Z,London,20.33,broken clouds
2026-08-03T11:28:48.235Z,London,29.07,overcast clouds
2026-08-03T14:46:44.369Z,London,31.74,few clouds
2026-08-03T17:54:20.553Z,London,28.52,few clouds
2026-08-03T19:41:43.155Z,London,24.61,clear sky
2026-08-03T21:06:58.454Z,London,22.69,clear sky
2026-08-03T23:04:31.674Z,London,21.11,clear sky
2026-08-04T02:50:03.949Z,London,18.47,few clouds
2026-08-04T06:30:08.594Z,London,20.01,scattered clouds
2026-08-04T10:42:31.192Z,London,27.81,overcast clouds
2026-08-04T14:23:15.198Z,London,28.65,overcast clouds
2026-08-04T17:51:24.765Z,London,25.06,overcast clouds
2026-08-04T19:41:19.634Z,London,23.11,clear sky
2026-08-04T21:14:32.603Z,London,21.59,clear sky
2026-08-04T23:05:40.843Z,London,20.2,clear sky
2026-08-05T02:47:15.880Z,London,18.69,scattered clouds
2026-08-05T06:31:02.160Z,London,19.43,broken clouds
2026-08-05T10:39:14.578Z,London,23.19,light rain
2026-08-05T14:16:30.508Z,London,25.1,clear sky
2026-08-05T17:43:05.494Z,London,23.96,clear sky
2026-08-05T19:39:53.648Z,London,21.16,clear sky
2026-08-05T21:14:26.434Z,London,19.24,clear sky
2026-08-05T23:03:03.495Z,London,17.52,clear sky
2026-08-06T02:50:07.283Z,London,14.73,clear sky
2026-08-06T06:34:26.115Z,London,14.79,clear sky
2026-08-06T10:42:38.311Z,London,19.59,clear sky
2026-08-06T14:20:32.832Z,London,22.27,clear sky
2026-08-07T00:04:48.272Z,London,13.92,broken clouds
2026-08-07T04:27:36.955Z,London,13.18,few clouds
2026-08-07T07:20:51.134Z,London,16.11,clear sky
2026-08-07T09:02:57.343Z,London,20.56,clear sky
2026-08-07T10:55:29.969Z,London,23.11,clear sky
2026-08-07T13:11:14.863Z,London,24.85,clear sky
2026-08-07T14:55:48.104Z,London,25.88,clear sky
2026-08-07T16:56:28.124Z,London,26.61,clear sky
2026-08-07T19:01:27.345Z,London,24.14,clear sky
2026-08-07T20:44:37.069Z,London,20.77,scattered clouds
2026-08-07T22:39:36.973Z,London,18.2,scattered clouds
2026-08-08T01:51:10.383Z,London,14.93,scattered clouds
2026-08-08T03:36:05.905Z,London,13.2,scattered clouds
2026-08-08T05:00:07.175Z,London,12.96,scattered clouds
2026-08-08T06:58:51.702Z,London,16.89,few clouds
2026-08-08T08:46:10.147Z,London,21.65,scattered clouds
2026-08-08T10:37:04.921Z,London,24.93,broken clouds
2026-08-08T12:54:43.738Z,London,27.7,overcast clouds
2026-08-08T14:34:27.888Z,London,28.31,overcast clouds
2026-08-08T16:36:58.894Z,London,27.64,overcast clouds
2026-08-08T18:41:25.112Z,London,25.67,overcast clouds
2026-08-08T20:33:43.132Z,London,23.19,overcast clouds
2026-08-08T22:32:42.327Z,London,19.55,overcast clouds
2026-08-09T01:58:38.298Z,London,16.44,clear sky
2026-08-09T03:49:09.145Z,London,16.82,clear sky
2026-08-09T05:08:47.928Z,London,15.59,clear sky
2026-08-09T07:01:08.367Z,London,18.93,scattered clouds
2026-08-09T08:47:14.935Z,London,23.05,scattered clouds
2026-08-09T10:37:44.606Z,London,27.05,scattered clouds
2026-08-09T12:57:12.019Z,London,30.68,overcast clouds
2026-08-09T14:37:47.563Z,London,31.73,broken clouds
2026-08-09T16:38:59.964Z,London,31.89,broken clouds
2026-08-09T18:45:41.875Z,London,29.58,few clouds
2026-08-09T20:36:11.932Z,London,26.08,broken clouds
2026-08-09T22:34:20.046Z,London,24.03,broken clouds
2026-08-10T02:03:26.995Z,London,20.07,overcast clouds
2026-08-10T05:36:23.489Z,London,17.88,broken clouds
2026-08-10T07:47:19.955Z,London,20.2,broken clouds
2026-08-10T09:25:54.537Z,London,22.53,broken clouds
2026-08-10T11:11:00.582Z,London,24.21,broken clouds
2026-08-10T13:15:58.332Z,London,25.93,overcast clouds
2026-08-10T15:01:14.440Z,London,26.79,overcast clouds
2026-08-10T16:56:25.480Z,London,26.69,overcast clouds
2026-08-10T19:01:31.833Z,London,22.05,broken clouds
2026-08-10T20:46:15.682Z,London,19.57,overcast clouds
2026-08-10T22:40:46.293Z,London,18.21,broken clouds
2026-08-11T01:58:34.399Z,London,16.69,scattered clouds
2026-08-11T03:51:04.079Z,London,15.92,scattered clouds
2026-08-11T05:12:43.595Z,London,15.24,scattered clouds
2026-08-11T07:13:02.200Z,London,18.22,clear sky
2026-08-11T09:01:17.552Z,London,21.17,clear sky
2026-08-11T10:52:00.369Z,London,23.84,clear sky
2026-08-11T13:12:29.186Z,London,25.48,few clouds
2026-08-11T15:01:04.780Z,London,25.4,clear sky
2026-08-11T16:59:38.980Z,London,24.58,clear sky
2026-08-11T19:05:23.949Z,London,21.44,few clouds
2026-08-11T20:50:03.987Z,London,19.54,few clouds
2026-08-11T22:47:18.701Z,London,18.59,few clouds
2026-08-12T02:11:19.044Z,London,16.94,few clouds
2026-08-12T05:39:38.866Z,London,16.81,scattered clouds
2026-08-12T07:37:22.949Z,London,20.44,clear sky
2026-08-12T09:14:26.310Z,London,24.3,few clouds
2026-08-12T11:01:47.119Z,London,27.6,few clouds
2026-08-12T13:16:40.911Z,London,30.84,few clouds
2026-08-12T15:00:21.328Z,London,32.65,few clouds
2026-08-12T16:58:42.081Z,London,32.04,scattered clouds
2026-08-12T19:04:54.854Z,London,27.78,clear sky
2026-08-12T20:50:04.629Z,London,24.52,clear sky
2026-08-12T22:43:56.026Z,London,22.12,clear sky
2026-08-13T02:14:44.461Z,London,19.29,clear sky
2026-08-13T05:41:55.103Z,London,18.87,clear sky
2026-08-13T07:38:59.979Z,London,23.55,clear sky
2026-08-13T09:15:57.240Z,London,29.1,clear sky
2026-08-13T11:02:24.420Z,London,33.14,clear sky
2026-08-13T13:18:54.703Z,London,35.72,clear sky
2026-08-13T15:00:20.832Z,London,35.99,clear sky
2026-08-13T16:58:42.139Z,London,35.87,clear sky
2026-08-13T19:06:01.798Z,London,31.73,clear sky
2026-08-13T20:48:08.396Z,London,27.15,clear sky
2026-08-13T22:45:46.947Z,London,24.77,clear sky
2026-08-14T02:11:39.339Z,London,22.34,broken clouds
2026-08-14T05:39:48.286Z,London,20.32,scattered clouds
2026-08-14T07:36:50.790Z,London,23.13,clear sky
2026-08-14T09:10:37.892Z,London,27.38,clear sky
2026-08-14T10:59:26.137Z,London,30.52,clear sky
2026-08-14T13:13:25.083Z,London,33.43,overcast clouds
2026-08-14T14:54:23.466Z,London,34.58,broken clouds
2026-08-14T16:56:51.666Z,London,34.23,scattered clouds
2026-08-14T18:58:41.899Z,London,31.82,few clouds
2026-08-14T20:34:15.759Z,London,28.48,few clouds
2026-08-14T22:26:30.280Z,London,24.46,broken clouds
2026-08-15T01:24:37.558Z,London,23.35,overcast clouds
2026-08-15T02:53:59.067Z,London,22.55,overcast clouds
2026-08-15T04:34:42.418Z,London,21.14,light rain
2026-08-15T06:42:16.804Z,London,20.18,overcast clouds
2026-08-15T08:32:38.489Z,London,22.48,overcast clouds
2026-08-15T10:26:00.886Z,London,25.19,overcast clouds
2026-08-15T12:42:42.970Z,London,26.91,overcast clouds
2026-08-15T14:26:03.642Z,London,27.44,overcast clouds
2026-08-15T16:28:09.083Z,London,26.45,overcast clouds
2026-08-15T18:33:25.913Z,London,24.86,overcast clouds
2026-08-15T20:25:49.791Z,London,22.32,overcast clouds
2026-08-15T22:25:21.198Z,London,20.38,overcast clouds
2026-08-16T01:35:09.857Z,London,18.75,overcast clouds
2026-08-16T03:02:58.877Z,London,18.02,broken clouds
2026-08-16T04:38:56.121Z,London,16.96,overcast clouds
2026-08-16T06:44:22.614Z,London,17.37,overcast clouds
2026-08-16T08:33:07.826Z,London,20.41,overcast clouds
2026-08-16T10:26:22.443Z,London,22.56,overcast clouds
2026-08-16T12:44:46.327Z,London,24.87,overcast clouds
2026-08-16T14:26:25.793Z,London,25.65,overcast clouds
2026-08-16T16:28:54.106Z,London,26.05,overcast clouds
2026-08-16T18:33:02.223Z,London,25.17,overcast clouds
2026-08-16T20:25:43.490Z,London,23.37,overcast clouds
2026-08-16T22:24:36.182Z,London,22.35,overcast clouds
2026-08-17T01:26:16.457Z,London,20.51,overcast clouds
2026-08-17T03:02:36.398Z,London,20.02,overcast clouds
2026-08-17T04:45:46.823Z,London,18.98,overcast clouds
2026-08-17T07:01:40.154Z,London,19.24,overcast clouds
2026-08-17T08:46:50.652Z,London,21.42,overcast clouds
2026-08-17T10:34:47.412Z,London,24.5,broken clouds
2026-08-17T12:50:13.244Z,London,26.19,overcast clouds
2026-08-17T14:30:45.626Z,London,26.89,overcast clouds
2026-08-17T16:31:01.044Z,London,27.07,overcast clouds
2026-08-17T18:43:21.762Z,London,26.12,overcast clouds
2026-08-17T20:30:15.351Z,London,24.4,broken clouds
2026-08-17T22:27:26.825Z,London,22.76,broken clouds
2026-08-18T01:23:10.377Z,London,20.26,overcast clouds
2026-08-18T02:57:52.219Z,London,19.24,moderate rain
2026-08-18T04:38:09.201Z,London,18.58,overcast clouds
2026-08-18T06:49:19.041Z,London,19.69,overcast clouds
2026-08-18T08:40:23.089Z,London,20.49,overcast clouds
2026-08-18T10:31:30.695Z,London,21.97,overcast clouds
2026-08-18T12:52:16.797Z,London,24.32,overcast clouds
2026-08-18T14:36:22.587Z,London,25.44,overcast clouds
2026-08-18T16:34:54.290Z,London,24.79,overcast clouds
2026-08-18T18:41:47.490Z,London,23.41,overcast clouds
2026-08-18T20:27:30.075Z,London,22.22,overcast clouds
2026-08-18T22:26:35.632Z,London,21.02,overcast clouds
2026-08-19T01:24:45.754Z,London,18.34,overcast clouds
2026-08-19T03:00:08.187Z,London,17.21,light rain
2026-08-19T04:40:05.933Z,London,16.54,overcast clouds
2026-08-19T06:49:32.168Z,London,16.8,overcast clouds
2026-08-19T08:40:38.898Z,London,17.62,overcast clouds
2026-08-19T10:32:14.663Z,London,19.75,overcast clouds
